"0","attr(month_no, ""names"") <- month.name"
"0","month_no"
"1","  January "
"1"," February "
"1","    March "
"1","    April "
"1","      May "
"1","     June "
"1","     July "
"1","   August "
"1","September "
"1","
"
"1","        1 "
"1","        2 "
"1","        3 "
"1","        4 "
"1","        5 "
"1","        6 "
"1","        7 "
"1","        8 "
"1","        9 "
"1","
"
"1","  October "
"1"," November "
"1"," December "
"1","
"
"1","       10 "
"1","       11 "
"1","       12 "
"1","
"
